#,Problem Statement,Seg Tags,VC Stage,AI Solution 1,AI Solution 2,AI Solution 3,Germany Vendors (ranked),ROI Benchmark,Payback (months),Regulatory Benefit
1,"Product defects in packaging (seal, fill-level, label errors)",ALL,7,Computer Vision seal inspection AI (100% inline),Fill-level vision AI + Edge inference,NLP label compliance AI,1. Cognex  2. Keyence  3. SICK AG  4. Krones  5. Agilx,"Defect detection >95%, Rework–40%, Recall risk–60%",11,EU Packaging Reg + EU FIR 1169/2011
2,Food contamination and foreign body detection,ALL,4,"X-ray AI + Computer Vision fusion (metal, bone, plastic detection)",NIR spectral AI for ingredient adulteration,IoT environmental monitoring for pathogen hotspots,1. SICK AG  2. Marel  3. Inspectra AG  4. Cognex  5. Keyence,"Contamination catch >99%, Recall prevention €1M–10M/event",5,HACCP CCP + EU Reg 178/2002 + IFS Food
3,"Inconsistent product taste, texture and quality","1,4,9,10,14","1,5",Process optimisation AI + digital twin for parameter control,Recipe formulation GenAI for consistency improvement,NIR AI for real-time composition measurement,1. GEA Group  2. Siemens  3. AspenTech  4. Döhler AI  5. Inspectra AG,"Batch consistency+20–30%, R&D cycle–40%",12,ISO 22000 customer spec compliance
4,Unplanned equipment downtime on critical lines,ALL,8,Predictive maintenance AI (vibration + acoustic + thermal),Digital twin for condition monitoring simulation,AI-driven maintenance work order prioritisation,1. Augury  2. Siemens  3. GEA  4. Rockwell  5. IBM Maximo,"Downtime–30–50%, OEE+8–15%, Maintenance cost–20–30%",14,ISO 22000 OEE documentation
5,Demand forecast inaccuracy (>15% MAPE),ALL,12,Demand forecasting ML with base + seasonal AI,"External signal demand sensing (weather, social, events)",Promo uplift causal AI for promotional spikes,1. Blue Yonder  2. Relex  3. SAP AI  4. IBM Watson  5. C3.ai,"Accuracy+20–35%, Stockout–25–40%, Waste–10–20%",10,Retailer OTIF compliance mandates
6,HACCP CCP deviation not detected in real-time,"2,1,4,7",8,HACCP IoT AI with real-time CCP monitoring and automated alerting,AI-driven deviation log and corrective action recommendation,Audit preparation AI for IFS/BRC documentation,1. SafetyChain  2. Intelex  3. Endress+Hauser  4. SICK AG  5. SAP AI,"Audit non-conformances–70%, CCP response–80%",16,EU Reg 852/2004 HACCP + IFS Food 8
7,Allergen cross-contamination on shared production lines,"2,4,5,7,8","5,7,8",Allergen detection AI (vision + spectral inline),AI line clearance verification system,NLP allergen declaration auto-check for EU FIR compliance,1. SICK AG  2. Keyence  3. Bizerba  4. SafetyChain  5. Agilx,"Cross-contamination–70%, Recall avoidance",13,EU FIR 1169/2011 allergen declaration rules
8,Ingredient shortage and supply chain disruption,ALL,2,Supplier risk AI with predictive disruption alerting,Alternative ingredient sourcing AI (substitution recommendations),Commodity price forecasting AI for procurement planning,1. Scoutbee  2. SAP AI  3. Blue Yonder  4. IBM Watson  5. EcoVadis,"Disruption response–40%, Alt sourcing time–60%",14,LkSG supply chain due diligence + CSRD Scope 3
9,Traceability gap — recall execution takes >4 hours,ALL,14,Blockchain + AI end-to-end traceability (batch-level),AI-powered recall simulation and impact assessment,Supplier traceability portal for Tier 1 and Tier 2 data collection,1. TraceGains  2. FoodChain ID  3. Bizerba  4. SAP AI  5. Intelex,"Recall time–60% (days→hours), Compliance 100%",12,EU Reg 178/2002 Art. 19 + IFS/BRC recall audit
10,Energy waste in food processing operations,ALL,13,IoT AI energy monitoring + anomaly detection AI,Process optimisation AI for energy reduction (MPC),Digital twin for energy scenario modelling and benchmarking,1. Siemens  2. GEA  3. Endress+Hauser  4. Aveva  5. Yokogawa,"Energy cost–10–20%, CO₂–500–2000 t/yr",18,EU Energy Efficiency Directive + CSRD Scope 1
11,Excessive CIP water and chemical waste,"1,2,9,10","5,13",AI-optimised CIP cycle scheduling (real-time cut-point detection),CIP water recycling loop optimisation AI,Sensor analytics for over-cleaning prevention,1. GEA Group  2. Endress+Hauser  3. Siemens  4. Bürkert  5. Yokogawa,"Water–15–30%, CIP chemical–15%, CIP time–20%",14,EU Water Directive + CSRD water KPIs
12,"Labelling non-compliance (EU FIR, allergen, organic)",ALL,"7,14",NLP label compliance AI (automated EU FIR multi-SKU check),Computer vision label verification AI (inline on line),Multilingual label generation + compliance AI,1. Agilx  2. Bizerba  3. Aptean  4. Intelex  5. SAP AI,"Labelling errors–85%, Recall risk–70%, TTM–25%",8,EU FIR 1169/2011 + EU Organic Reg 2018/848
13,Cold chain temperature excursion in distribution,"1,2,6,7,9,11","9,11",Cold chain IoT AI with real-time deviation alerting,Predictive cooling failure AI for refrigeration assets,Blockchain cold chain record for regulatory audit proof,1. Controlant  2. GEA  3. Tetra Pak  4. Bizerba  5. Samsara,"Excursions–60%, Product loss–40%, Compliance+25%",12,EU Cold Chain Reg + GDP Guidelines
14,Scope 3 supply chain emissions data gaps,ALL,"2,13",Scope 3 supplier emission portal AI with automated data collection,NLP AI for supplier ESG data extraction from reports and SDS,AI-driven supply chain carbon footprint modelling,1. SAP AI Green Ledger  2. IBM Envizi  3. Watershed  4. Persefoni  5. EcoVadis,"CSRD Scope 3 coverage+50%, Audit cost–€80K/yr",14,EU CSRD mandatory 2025 + LkSG supply chain obligation
15,Labour shortage on production and packaging lines,ALL,"5,7",Cobot + robotics AI for repetitive production tasks,AI workforce scheduling optimisation,GenAI operator copilot for productivity improvement,1. Bosch Rexroth  2. ABB  3. KUKA  4. Jungheinrich  5. SAP AI (workforce),"Labour cost–20–35%, Throughput maintained, Injury–30%",18,"EU Working Time Directive, German Arbeitszeitgesetz"
16,Food waste in production and distribution,ALL,"5,12,13",Food waste analytics AI (production-level waste tracking),Demand AI to reduce production overruns,Dynamic markdown AI for near-expiry stock,1. Relex  2. Blue Yonder  3. SAP AI  4. GEA  5. Aptean,"Waste–15–30%, Saving €50K–500K/site/yr",8,EU Farm-to-Fork –50% food waste target + CSRD
17,Overstocking and FEFO compliance failure,ALL,10,Smart inventory FEFO AI with real-time expiry tracking,Demand-driven replenishment AI to reduce overstock,Expiry risk prediction and proactive markdown AI,1. Relex  2. SAP AI EWM  3. Körber AG  4. Blue Yonder  5. Aptean,"Inventory cost–10–15%, Expiry waste–20–40%",12,EU FEFO food safety requirements
18,Supplier ESG non-compliance — LkSG risk,ALL,"2,3",Supplier ESG AI scoring (EcoVadis-style automated),NLP contract audit AI for LkSG obligation extraction,Supplier due diligence workflow and remediation AI,1. Scoutbee  2. SAP AI  3. IBM Watson  4. EcoVadis  5. Intelex,"LkSG compliance achieved, audit time–50%, fine avoidance",14,LkSG Germany 2023 — BAFA fines active
19,CSRD reporting not yet automated,ALL,"13,15",CSRD reporting automation AI,Energy + carbon IoT data collection pipeline AI,"Scope 1,2,3 integrated carbon accounting AI",1. SAP AI Green Ledger  2. IBM Envizi  3. Intelex  4. Watershed  5. Persefoni,"Report prep–50%, Audit cost–€80K/yr",8,EU CSRD Directive 2022/2464 mandatory 2025
20,Digital Product Passport readiness gap (2027 mandate),ALL,"7,14",Digital Product Passport AI generation platform,Traceability AI to populate all DPP data fields automatically,NLP sustainability data extraction for DPP reporting,1. Circularise  2. FoodChain ID  3. SAP AI  4. Bizerba  5. Spherity,"EU DPP regulatory compliance, Recyclability+15%",18,EU SUPPR Regulation DPP mandate 2026–2027
21,EUDR deforestation supply chain non-compliance,"11,4,13","2,14",EUDR supply chain traceability AI + satellite deforestation monitoring,Blockchain origin traceability for EUDR commodity proof,NLP EUDR due diligence document analysis AI,1. FoodChain ID  2. Oritain  3. Rainforest Alliance AI  4. SAP AI  5. TraceGains,"EUDR compliance achieved, Market access maintained",12,EU EUDR Reg 2023/1115 — December 2025 deadline
22,Packaging non-recyclability (EU 2030 targets),ALL,"7,13",Packaging design AI for recyclability optimisation,Recyclability scoring AI + materials database,DPP packaging sustainability data generation AI,1. Agilx  2. SAP AI  3. Tetra Pak ecodesign AI  4. Circularise  5. Aptean,"Recyclability+25%, EU Packaging Reg compliance",10,EU Packaging Regulation 2024 — 2030 recyclability targets
23,Ingredient adulteration / food fraud detection,"1,2,3,11,13,14",4,Isotope analytics AI for geographic origin verification,NIR spectral fingerprinting AI for composition fraud detection,Blockchain traceability network for fraud intelligence sharing,1. Oritain  2. Inspectra AG  3. FoodChain ID  4. FOSS  5. Bruker,"Fraud detection>95%, Brand protection, Premium cert maintained",8,EU Reg 178/2002 + Organic Reg + PDO/PGI designation rules
25,Acrylamide formation above EU limits in baked/fried products,"4,5,12","5,8",Process temperature AI with predictive acrylamide modelling,NIR AI for real-time acrylamide proxy measurement,AI process control to stay within safe temperature-time window,1. Siemens  2. Bosch Packaging  3. Brabender DE  4. Inspectra  5. SICK AG,"Acrylamide compliance 100%, Recall risk eliminated",8,EU Acrylamide Regulation 2017/2158
