Seg No.,Segment Name,Definition,Key Germany Companies,AI Adoption,DE Market Size,Regulatory Complexity,Platform Priority,Primary AI Entry Point
1,Dairy Processing,"Milk processing, cheese, butter, yogurt, cream, dairy beverages","Müller Milch, Hochland, Arla Germany, DMK Group, Ehrmann, Grofu, Savencia DE",HIGH — Maturity 3–4,€22B,"HIGH (EU 853/2004, HACCP, cold chain)",Tier 1,"Predictive maintenance, CIP AI, QA vision"
2,"Meat, Poultry & Seafood Processing","Slaughtering, cutting, curing, smoking, packaging of meat and seafood","Tönnies, Vion Food DE, PHW Group (Wiesenhof), Bell Food DE, Herta, Meica",MEDIUM-HIGH — Maturity 2–3,€48B,"VERY HIGH (HACCP, LkSG, EU Methane Reg)",Tier 1,"Traceability AI, HACCP AI, vision portioning"
3,Fruit & Vegetable Processing,"Canning, freezing, drying, juicing, pickling of fruit and vegetables","Bonduelle Germany, Develey, Homann, Hengstenberg, regional cooperatives",MEDIUM — Maturity 2,€8B,"MEDIUM (EU 852/2004, Farm-to-Fork)",Tier 2,"Demand AI, produce sorting AI, contamination"
4,Bakery & Confectionery Manufacturing,"Bread, cakes, biscuits, chocolate, sweets, pastry production","Bahlsen, Haribo, Storck, Dr. Oetker (bakery), Harry-Brot, Golden Toast, Griesson",MEDIUM — Maturity 2,€25B,"MEDIUM (EU FIR, allergen rules)",Tier 1,"Allergen AI, demand forecasting, oven process AI"
5,Snack Food Manufacturing,"Crisps, extruded snacks, popcorn, nuts, crackers production","Intersnack (Pom-Bär, funny-frisch), Lorenz Bahlsen, Chio (Intersnack group)",MEDIUM — Maturity 2,€7B,"MEDIUM (EU FIR, allergen, acrylamide)",Tier 2,"Extrusion AI, frying oil AI, production scheduling"
6,Frozen Food Manufacturing,"Frozen meals, pizza, ice cream, frozen vegetable processing","Frosta AG, iglo (Nomad Foods), Freiberger Group, Coppenrath & Wiese",HIGH — Maturity 3,€12B,"MEDIUM (cold chain, HACCP)",Tier 1,"Demand AI, cold chain IoT, food waste AI"
7,Ready-to-Eat & Convenience Foods,"Pre-cooked meals, meal kits, salads, sandwiches, heat-and-eat","Apetito, Nestlé DE (convenience), Dr. Oetker (ready meals), Bofrost, Herta (RTE)",MEDIUM — Maturity 2–3,€9B,"HIGH (shelf-life, HACCP, allergen)",Tier 2,"Shelf-life AI, allergen AI, demand sensing"
8,Packaged Food Manufacturing,"Canned goods, sauces, condiments, spreads, pasta, jars","Dr. Oetker, Unilever DE, Nestlé DE, Kraft Heinz DE, Homann, Develey",MEDIUM-HIGH — Maturity 3,€18B,"MEDIUM (EU FIR, traceability)",Tier 1,"Demand AI, label compliance AI, supply chain risk"
9,Soft Drinks & Functional Beverages,"Carbonated drinks, juices, energy drinks, sports drinks, water","Coca-Cola Germany, PepsiCo DE, Eckes-Granini, Refresco, Red Bull (DE bottling)",HIGH — Maturity 3–4,€14B,"MEDIUM (EU FIR, packaging Reg)",Tier 1,"Bottling line AI, demand AI, fill-level vision"
10,"Brewery, Distillery & Wine Production","Beer, spirits, wine, cider, fermented alcoholic beverages","Radeberger, AB InBev DE, Heineken DE, Warsteiner, Krombacher, Henkell Freixenet",MEDIUM-HIGH — Maturity 3,€22B,"MEDIUM (Reinheitsgebot, EU spirits)",Tier 1,"Brewing process AI, demand AI, water optimisation"
11,"Coffee, Tea & Hot Beverage Manufacturing","Roasted coffee, tea blends, hot chocolate, infusions","Tchibo, Melitta, Dallmayr, J.J. Darboven, Jacobs Douwe Egberts DE",MEDIUM — Maturity 2–3,€10B,"MEDIUM (EUDR, origin traceability)",Tier 2,"Roasting AI, EUDR traceability, demand AI"
12,"Grain Milling, Cereals & Starches","Flour milling, breakfast cereals, starch, glucose production","Kampffmeyer (ADM), Cargill Germany, Nestlé DE (cereals), ADM Germany",MEDIUM — Maturity 2,€8B,"MEDIUM (food law, allergen, REACH)",Tier 2,"NIR grain quality AI, milling yield AI, energy AI"
13,"Oils, Fats, Sugar & Sweeteners","Vegetable oils, margarine, sugar refining, glucose syrups","Südzucker AG, Nordzucker AG, BUNGE Germany, Cargill (oils DE), Vandemoortele DE",HIGH — Maturity 3–4,€16B,"HIGH (EU sugar regulation, CSRD, energy)",Tier 1,"Process AI (MPC), energy AI, CSRD automation"
14,"Food Ingredients, Flavors & Additives","Flavourings, emulsifiers, preservatives, enzymes, amino acids","Döhler Group, Symrise AG, Givaudan DE, IFF Germany, Evonik (amino acids), BASF",HIGH — Maturity 3–4,€18B,"HIGH (REACH, EU Flavourings Reg, Novel Food)",Tier 1,"Formulation GenAI, REACH compliance AI, fermentation AI"
15,Plant-Based & Alt Protein Manufacturing,"Meat analogues, dairy alternatives, mycoprotein, insect protein","Rügenwalder Mühle, Nestlé Garden Gourmet DE, REWE own-brand, Planteneers, Bühler DE",EMERGING — Maturity 1–2,€2B (+25%/yr),"MEDIUM-HIGH (Novel Food, allergen)",Tier 2,"Extrusion AI, fermentation AI, demand sensing AI"
